SEASON_ID, PLAYER_ID, PLAYER_NAME, TEAM_ID, TEAM_ABBREVIATION, TEAM_NAME, PLAY_TYPE, TYPE_GROUPING, PERCENTILE, GP, POSS_PCT, PPP, FG_PCT, FT_POSS_PCT, TOV_POSS_PCT, SF_POSS_PCT, PLUSONE_POSS_PCT, SCORE_POSS_PCT, EFG_PCT, POSS, PTS, FGM, FGA, FGMX,TPM,TPA,TP_PCT
22018,200755, JJ Redick,1610612755, PHI, Philadelphia 76ers, Handoff, Offensive,0.85,76,0.324,1.101,0.449,0.063,0.076,0.056,0.013,0.443,0.564,5.2,5.7,2.5,4.5,2.5,0.076,1.924,0.03950104
22018,1627750, Jamal Murray,1610612743, DEN, Denver Nuggets, Handoff, Offensive,0.622,75,0.154,0.968,0.451,0.069,0.092,0.055,0.005,0.445,0.503,2.9,2.8,1.3,2.5,1.3,-0.085,1.285,-0.06614786
22018,203914, Gary Harris,1610612743, DEN, Denver Nuggets, Handoff, Offensive,0.646,57,0.266,0.98,0.443,0.103,0.054,0.093,0.02,0.466,0.494,3.6,3.5,1.7,3.1,1.7,-0.3372,1.7372,-0.194105457
22018,203081, Damian Lillard,1610612757, POR, Portland Trail Blazers, Handoff, Offensive,0.531,80,0.109,0.929,0.384,0.081,0.147,0.062,0.005,0.374,0.482,2.6,2.5,1.3,2,1.3,-0.672,1.372,-0.489795918
22018,1626196, Josh Richardson,1610612748, MIA, Miami Heat, Handoff, Offensive,0.706,73,0.141,1.006,0.396,0.08,0.075,0.057,0.011,0.408,0.497,2.4,2.4,1.2,2,1.2,-0.412,1.212,-0.339933993
22018,203468, CJ McCollum,1610612757, POR, Portland Trail Blazers, Handoff, Offensive,0.741,70,0.117,1.036,0.454,0.048,0.048,0.054,0.012,0.449,0.533,2.4,2.5,1.2,2.2,1.2,-0.0548,1.0548,-0.051952977
22018,202689, Kemba Walker,1610612766, CHA, Charlotte Hornets, Handoff, Offensive,0.558,82,0.078,0.944,0.421,0.043,0.093,0.037,0.006,0.401,0.5,2,1.9,1,1.7,1,-0.3,1,-0.3
22018,203095, Evan Fournier,1610612753, ORL, Orlando Magic, Handoff, Offensive,0.572,81,0.121,0.949,0.449,0.058,0.096,0.058,0.026,0.423,0.504,1.9,1.8,0.9,1.7,0.9,-0.0864,0.8864,-0.097472924
22018,1628378, Donovan Mitchell,1610612762, UTA, Utah Jazz, Handoff, Offensive,0.503,77,0.083,0.919,0.398,0.113,0.094,0.094,0.006,0.425,0.465,2.1,1.9,1,1.7,1,-0.419,1.119,-0.374441466
22018,203952, Andrew Wiggins,1610612750, MIN, Minnesota Timberwolves, Handoff, Offensive,0.517,73,0.101,0.927,0.402,0.113,0.087,0.093,0.013,0.42,0.48,2.1,1.9,1,1.7,1,-0.368,1.068,-0.344569288
22018,204038, Langston Galloway,1610612765, DET, Detroit Pistons, Handoff, Offensive,0.857,80,0.192,1.105,0.464,0.105,0.04,0.089,0.048,0.476,0.527,1.6,1.7,0.8,1.4,0.8,-0.1244,0.7244,-0.171728327
22018,1627741, Buddy Hield,1610612758, SAC, Sacramento Kings, Handoff, Offensive,0.808,82,0.081,1.071,0.455,0.016,0.039,0.016,0.008,0.441,0.55,1.5,1.7,0.8,1.5,0.8,0.05,0.65,0.076923077
22018,203078, Bradley Beal,1610612764, WAS, Washington Wizards, Handoff, Offensive,0.748,82,0.064,1.039,0.471,0.14,0.093,0.109,0.039,0.473,0.519,1.6,1.6,0.7,1.3,0.7,-0.0506,0.6506,-0.077774362
22018,202681, Kyrie Irving,1610612738, BOS, Boston Celtics, Handoff, Offensive,0.636,67,0.089,0.978,0.454,0.06,0.142,0.045,0.007,0.418,0.532,2,2,0.9,1.6,0.9,-0.0976,0.7976,-0.122367101
22018,203897, Zach LaVine,1610612741, CHI, Chicago Bulls, Handoff, Offensive,0.731,63,0.081,1.033,0.515,0.082,0.139,0.066,0.016,0.475,0.588,1.9,2,0.7,1.5,0.7,0.364,0.436,0.834862385
22018,204060, Joe Ingles,1610612762, UTA, Utah Jazz, Handoff, Offensive,0.654,82,0.121,0.984,0.51,0.055,0.173,0.031,0.016,0.433,0.58,1.5,1.5,0.6,1.2,0.6,0.192,0.408,0.470588235
22018,201158, Marco Belinelli,1610612759, SAS, San Antonio Spurs, Handoff, Offensive,0.689,79,0.154,1,0.406,0.105,0.097,0.089,0.016,0.419,0.485,1.6,1.6,0.8,1.3,0.8,-0.339,0.839,-0.404052443
22018,203501, Tim Hardaway Jr.,1610612752, NYK, New York Knicks, Handoff, Offensive,0.413,46,0.149,0.873,0.377,0.067,0.09,0.045,0.007,0.381,0.447,2.9,2.5,1.5,2.5,1.5,-0.765,1.765,-0.433427762
22018,2594, Kyle Korver,1610612762, UTA, Utah Jazz, Handoff, Offensive,0.801,54,0.229,1.065,0.398,0.103,0.103,0.084,0.028,0.402,0.528,2,2.1,1,1.6,1,-0.3104,0.9104,-0.340949033
22018,203493, Reggie Bullock,1610612765, DET, Detroit Pistons, Handoff, Offensive,0.72,44,0.218,1.018,0.406,0.071,0.089,0.054,0.018,0.402,0.526,2.5,2.6,1.3,2.2,1.3,-0.2856,1.1856,-0.240890688
22018,201950, Jrue Holiday,1610612740, NOP, New Orleans Pelicans, Handoff, Offensive,0.49,67,0.085,0.912,0.432,0.112,0.136,0.112,0.008,0.432,0.489,1.9,1.7,0.8,1.4,0.8,-0.2308,0.8308,-0.277804526
22018,201937, Ricky Rubio,1610612762, UTA, Utah Jazz, Handoff, Offensive,0.479,68,0.125,0.904,0.446,0.112,0.112,0.104,0.032,0.44,0.475,1.8,1.7,0.8,1.5,0.8,-0.175,0.875,-0.2
22018,203082, Terrence Ross,1610612753, ORL, Orlando Magic, Handoff, Offensive,0.385,81,0.112,0.862,0.376,0.038,0.069,0.038,0.008,0.369,0.427,1.6,1.4,0.9,1.4,0.9,-0.6044,1.1044,-0.547265484
22018,203903, Jordan Clarkson,1610612739, CLE, Cleveland Cavaliers, Handoff, Offensive,0.346,81,0.095,0.841,0.394,0.061,0.121,0.061,0.008,0.379,0.44,1.6,1.4,0.8,1.3,0.8,-0.456,0.956,-0.476987448
22018,1629027, Trae Young,1610612737, ATL, Atlanta Hawks, Handoff, Offensive,0.29,80,0.081,0.797,0.384,0.094,0.196,0.065,0.007,0.362,0.439,1.7,1.4,0.8,1.2,0.8,-0.5464,0.9464,-0.577345731
22018,201144, Mike Conley,1610612763, MEM, Memphis Grizzlies, Handoff, Offensive,0.724,70,0.074,1.029,0.419,0.171,0.057,0.152,0.048,0.467,0.453,1.5,1.5,0.7,1.2,0.7,-0.3128,0.8128,-0.38484252
22018,202691, Klay Thompson,1610612744, GSW, Golden State Warriors, Handoff, Offensive,0.594,78,0.071,0.955,0.396,0.036,0.063,0.036,0,0.393,0.49,1.4,1.4,0.8,1.3,0.8,-0.326,0.826,-0.394673123
22018,202331, Paul George,1610612760, OKC, Oklahoma City Thunder, Handoff, Offensive,0.591,76,0.054,0.954,0.404,0.074,0.12,0.065,0.019,0.38,0.517,1.4,1.4,0.7,1.2,0.7,-0.1592,0.6592,-0.241504854
22018,201935, James Harden,1610612745, HOU, Houston Rockets, Handoff, Offensive,0.773,78,0.036,1.053,0.478,0.126,0.2,0.084,0.032,0.432,0.597,1.2,1.3,0.4,0.9,0.4,0.2746,0.2254,1.218278616
22018,1626156, D'Angelo Russell,1610612751, BKN, Brooklyn Nets, Handoff, Offensive,0.646,81,0.055,0.98,0.487,0.069,0.196,0.059,0.01,0.422,0.566,1.3,1.2,0.5,0.9,0.5,0.0188,0.3812,0.049317943
22018,201939, Stephen Curry,1610612744, GSW, Golden State Warriors, Handoff, Offensive,0.825,69,0.055,1.089,0.461,0.044,0.111,0.044,0,0.433,0.586,1.3,1.4,0.6,1.1,0.6,0.0892,0.4108,0.217137293
22018,101150, Lou Williams,1610612746, LAC, LA Clippers, Handoff, Offensive,0.552,75,0.068,0.942,0.457,0.106,0.135,0.087,0.019,0.433,0.494,1.4,1.3,0.6,1.1,0.6,-0.1132,0.6132,-0.184605349
22018,202704, Reggie Jackson,1610612765, DET, Detroit Pistons, Handoff, Offensive,0.86,82,0.069,1.115,0.449,0.069,0.034,0.057,0,0.471,0.564,1.1,1.2,0.5,1,0.5,0.128,0.372,0.344086022
22018,1628422, Damyean Dotson,1610612752, NYK, New York Knicks, Handoff, Offensive,0.437,73,0.133,0.88,0.4,0.028,0.093,0.028,0,0.38,0.474,1.5,1.3,0.8,1.3,0.8,-0.3676,0.8676,-0.423697556
22018,200768, Kyle Lowry,1610612761, TOR, Toronto Raptors, Handoff, Offensive,0.934,65,0.075,1.24,0.5,0.093,0.093,0.093,0.013,0.493,0.661,1.2,1.4,0.5,1,0.5,0.322,0.178,1.808988764
22018,1629013, Landry Shamet,1610612755, PHI, Philadelphia 76ers, Handoff, Offensive,0.839,54,0.217,1.094,0.408,0.059,0.059,0.059,0.012,0.412,0.533,1.6,1.7,0.8,1.4,0.8,-0.1076,0.7076,-0.152063313
22018,203087, Jeremy Lamb,1610612766, CHA, Charlotte Hornets, Handoff, Offensive,0.787,79,0.075,1.057,0.472,0.125,0.08,0.125,0.023,0.489,0.521,1.1,1.2,0.5,0.9,0.5,-0.0622,0.4622,-0.134573778
22018,204020, Tyler Johnson,1610612748, MIA, Miami Heat, Handoff, Offensive,0.444,44,0.21,0.886,0.398,0.048,0.133,0.038,0.019,0.352,0.5,2.4,2.1,1.2,2,1.2,-0.4,1.2,-0.333333333
22018,203932, Aaron Gordon,1610612753, ORL, Orlando Magic, Handoff, Offensive,0.71,78,0.069,1.011,0.456,0.133,0.144,0.111,0.033,0.444,0.544,1.2,1.2,0.5,0.9,0.5,-0.0208,0.4208,-0.049429658
22018,1627736, Malik Beasley,1610612743, DEN, Denver Nuggets, Handoff, Offensive,0.455,81,0.125,0.892,0.402,0.01,0.088,0.01,0,0.373,0.484,1.3,1.1,0.7,1.1,0.7,-0.3352,0.7352,-0.455930359
22018,1628989, Kevin Huerter,1610612737, ATL, Atlanta Hawks, Handoff, Offensive,0.604,74,0.119,0.957,0.429,0.054,0.109,0.043,0,0.413,0.513,1.2,1.2,0.6,1,0.6,-0.174,0.574,-0.303135889
22018,201961, Wayne Ellington,1610612765, DET, Detroit Pistons, Handoff, Offensive,0.713,28,0.275,1.012,0.408,0.047,0.07,0.035,0,0.395,0.539,3.1,3.1,1.6,2.7,1.6,-0.2894,1.3894,-0.208291349
22018,1628379, Luke Kennard,1610612765, DET, Detroit Pistons, Handoff, Offensive,0.598,63,0.151,0.956,0.417,0.033,0.055,0.033,0.011,0.407,0.488,1.4,1.4,0.8,1.3,0.8,-0.3312,0.8312,-0.398460058
22018,203145, Kent Bazemore,1610612737, ATL, Atlanta Hawks, Handoff, Offensive,0.185,67,0.142,0.69,0.352,0.111,0.19,0.095,0.024,0.341,0.374,1.9,1.3,0.9,1.4,0.9,-0.7528,1.2528,-0.600893997
22018,1627854, Bryn Forbes,1610612759, SAS, San Antonio Spurs, Handoff, Offensive,0.919,82,0.078,1.214,0.567,0.057,0.114,0.057,0.029,0.514,0.667,0.9,1,0.3,0.7,0.3,0.3338,0.0662,5.042296073
22018,202710, Jimmy Butler,1610612755, PHI, Philadelphia 76ers, Handoff, Offensive,0.745,55,0.084,1.037,0.424,0.136,0.062,0.136,0.012,0.469,0.492,1.5,1.5,0.7,1.2,0.7,-0.2192,0.7192,-0.304783092
22018,202711, Bojan Bogdanovic,1610612754, IND, Indiana Pacers, Handoff, Offensive,0.619,81,0.066,0.966,0.533,0.115,0.207,0.092,0.011,0.471,0.583,1.1,1,0.3,0.7,0.3,0.2162,0.1838,1.176278564
22018,203925, Joe Harris,1610612751, BKN, Brooklyn Nets, Handoff, Offensive,0.633,76,0.091,0.976,0.397,0.083,0.107,0.083,0,0.405,0.507,1.1,1.1,0.5,0.9,0.5,-0.0874,0.4874,-0.179318835
22018,203992, Bogdan Bogdanovic,1610612758, SAC, Sacramento Kings, Handoff, Offensive,0.615,70,0.081,0.965,0.394,0.071,0.106,0.071,0.012,0.388,0.5,1.2,1.2,0.6,1,0.6,-0.2,0.6,-0.333333333
22018,1626144, Emmanuel Mudiay,1610612752, NYK, New York Knicks, Handoff, Offensive,0.5,59,0.089,0.918,0.444,0.024,0.129,0.024,0,0.4,0.514,1.4,1.3,0.7,1.2,0.7,-0.1664,0.6664,-0.24969988
22018,1627752, Taurean Prince,1610612737, ATL, Atlanta Hawks, Handoff, Offensive,0.755,54,0.101,1.041,0.471,0.203,0.162,0.203,0.054,0.473,0.549,1.4,1.4,0.5,0.9,0.5,-0.0118,0.4118,-0.028654687
22018,201142, Kevin Durant,1610612744, GSW, Golden State Warriors, Handoff, Offensive,0.853,78,0.037,1.103,0.519,0.118,0.088,0.118,0,0.529,0.546,0.9,1,0.3,0.7,0.3,0.1644,0.2356,0.697792869
22018,203503, Tony Snell,1610612749, MIL, Milwaukee Bucks, Handoff, Offensive,0.906,74,0.157,1.194,0.448,0.081,0.032,0.081,0.048,0.452,0.578,0.8,1,0.4,0.8,0.4,0.1248,0.2752,0.453488372
22018,1628369, Jayson Tatum,1610612738, BOS, Boston Celtics, Handoff, Offensive,0.717,79,0.057,1.014,0.424,0.056,0.028,0.056,0,0.444,0.492,0.9,0.9,0.5,0.8,0.5,-0.2128,0.5128,-0.414976599
22018,201587, Nicolas Batum,1610612766, CHA, Charlotte Hornets, Handoff, Offensive,0.629,75,0.105,0.973,0.456,0.053,0.187,0.053,0,0.4,0.561,1,1,0.4,0.8,0.4,0.0976,0.3024,0.322751323
22018,1629012, Collin Sexton,1610612739, CLE, Cleveland Cavaliers, Handoff, Offensive,0.427,82,0.054,0.878,0.459,0.11,0.159,0.11,0.012,0.427,0.484,1,0.9,0.4,0.7,0.4,-0.1224,0.4224,-0.289772727
22018,1628995, Kevin Knox,1610612752, NYK, New York Knicks, Handoff, Offensive,0.122,75,0.1,0.619,0.268,0.088,0.062,0.088,0.009,0.292,0.294,1.5,0.9,0.9,1.3,0.9,-1.0356,1.4356,-0.721370855
22018,2548, Dwyane Wade,1610612748, MIA, Miami Heat, Handoff, Offensive,0.361,72,0.066,0.852,0.435,0.086,0.16,0.086,0.012,0.395,0.492,1.1,1,0.5,0.9,0.5,-0.1144,0.5144,-0.222395023
22018,203552, Seth Curry,1610612757, POR, Portland Trail Blazers, Handoff, Offensive,0.797,74,0.116,1.063,0.451,0.063,0.127,0.063,0,0.429,0.578,0.9,0.9,0.4,0.7,0.4,0.0092,0.2908,0.031636864
22018,201569, Eric Gordon,1610612745, HOU, Houston Rockets, Handoff, Offensive,0.374,68,0.072,0.859,0.368,0.051,0.09,0.051,0.013,0.346,0.463,1.1,1,0.6,1,0.6,-0.274,0.674,-0.40652819
22018,203585, Rodney McGruder,1610612748, MIA, Miami Heat, Handoff, Offensive,0.283,66,0.153,0.788,0.319,0.035,0.118,0.035,0,0.306,0.417,1.3,1,0.7,1.1,0.7,-0.4826,0.8826,-0.546793564
22018,1629029, Luka Doncic,1610612742, DAL, Dallas Mavericks, Handoff, Offensive,0.171,72,0.059,0.68,0.342,0.093,0.165,0.082,0.041,0.32,0.375,1.3,0.9,0.7,1.1,0.7,-0.575,0.975,-0.58974359
22018,202695, Kawhi Leonard,1610612761, TOR, Toronto Raptors, Handoff, Offensive,0.727,60,0.044,1.032,0.49,0.127,0.095,0.095,0,0.508,0.52,1.1,1.1,0.4,0.8,0.4,0.032,0.368,0.086956522
22018,1628973, Jalen Brunson,1610612742, DAL, Dallas Mavericks, Handoff, Offensive,0.822,73,0.082,1.086,0.542,0.069,0.121,0.069,0.017,0.5,0.594,0.8,0.9,0.3,0.7,0.3,0.2316,0.1684,1.375296912
22018,203926, Doug McDermott,1610612754, IND, Indiana Pacers, Handoff, Offensive,0.542,77,0.136,0.94,0.468,0.03,0.075,0.03,0.03,0.433,0.492,0.9,0.8,0.4,0.8,0.4,-0.0128,0.4128,-0.031007752
22018,1626164, Devin Booker,1610612756, PHX, Phoenix Suns, Handoff, Offensive,0.238,64,0.049,0.75,0.417,0.071,0.238,0.071,0.036,0.333,0.467,1.3,1,0.5,0.9,0.5,-0.1594,0.5594,-0.284948159
22018,203114, Khris Middleton,1610612749, MIL, Milwaukee Bucks, Handoff, Offensive,0.379,77,0.051,0.861,0.39,0.069,0.111,0.056,0,0.389,0.441,0.9,0.8,0.5,0.8,0.5,-0.2944,0.5944,-0.495289367
22018,201933, Blake Griffin,1610612765, DET, Detroit Pistons, Handoff, Offensive,0.983,75,0.023,1.419,0.541,0.209,0.023,0.186,0.093,0.581,0.676,0.6,0.8,0.2,0.5,0.2,0.276,0.024,11.5
22018,203484, Kentavious Caldwell-Pope,1610612747, LAL, Los Angeles Lakers, Handoff, Offensive,0.955,82,0.054,1.298,0.622,0.128,0.149,0.128,0.064,0.553,0.676,0.6,0.7,0.2,0.5,0.2,0.276,0.024,11.5
22018,202734, E'Twaun Moore,1610612740, NOP, New Orleans Pelicans, Handoff, Offensive,0.829,53,0.091,1.089,0.563,0.018,0.125,0.018,0,0.5,0.625,1.1,1.2,0.4,0.9,0.4,0.325,0.175,1.857142857
22018,1627763, Malcolm Brogdon,1610612749, MIL, Milwaukee Bucks, Handoff, Offensive,0.734,64,0.065,1.034,0.51,0.051,0.136,0.051,0.017,0.458,0.571,0.9,1,0.4,0.8,0.4,0.1136,0.2864,0.396648045
22018,1626159, Justise Winslow,1610612748, MIA, Miami Heat, Handoff, Offensive,0.836,66,0.057,1.093,0.5,0.056,0.093,0.037,0,0.481,0.587,0.8,0.9,0.3,0.7,0.3,0.2218,0.1782,1.244668911
22018,201988, Patty Mills,1610612759, SAS, San Antonio Spurs, Handoff, Offensive,0.367,82,0.086,0.855,0.375,0.014,0.072,0.014,0.014,0.348,0.453,0.8,0.7,0.5,0.8,0.5,-0.2752,0.5752,-0.478442281
22018,203918, Rodney Hood,1610612739, CLE, Cleveland Cavaliers, Handoff, Offensive,0.738,45,0.105,1.036,0.478,0.143,0.071,0.143,0.036,0.5,0.5,1.2,1.3,0.5,1,0.5,0,0.5,0
22018,203109, Jae Crowder,1610612762, UTA, Utah Jazz, Handoff, Offensive,0.399,80,0.069,0.866,0.311,0.045,0.06,0.03,0.015,0.313,0.451,0.8,0.7,0.5,0.8,0.5,-0.2784,0.5784,-0.481327801
22018,1628367, Josh Jackson,1610612756, PHX, Phoenix Suns, Handoff, Offensive,0.476,79,0.056,0.903,0.408,0.113,0.113,0.113,0.016,0.419,0.459,0.8,0.7,0.4,0.6,0.4,-0.2492,0.4492,-0.554764025
22018,202391, Jeremy Lin,1610612737, ATL, Atlanta Hawks, Handoff, Offensive,0.565,51,0.102,0.947,0.395,0.123,0.123,0.018,0,0.421,0.5,1.1,1.1,0.5,0.8,0.5,-0.2,0.5,-0.4
22018,201568, Danilo Gallinari,1610612746, LAC, LA Clippers, Handoff, Offensive,0.495,68,0.051,0.915,0.364,0.169,0.119,0.119,0.034,0.407,0.42,0.9,0.8,0.4,0.6,0.4,-0.296,0.496,-0.596774194
22018,201936, Tyreke Evans,1610612754, IND, Indiana Pacers, Handoff, Offensive,0.495,69,0.069,0.915,0.392,0.051,0.102,0.051,0.017,0.373,0.49,0.9,0.8,0.4,0.7,0.4,-0.114,0.414,-0.275362319
22018,203121, Darius Miller,1610612740, NOP, New Orleans Pelicans, Handoff, Offensive,0.752,69,0.09,1.039,0.439,0.059,0.137,0.039,0,0.412,0.585,0.7,0.8,0.3,0.6,0.3,0.102,0.198,0.515151515
22018,1628420, Monte Morris,1610612743, DEN, Denver Nuggets, Handoff, Offensive,0.65,82,0.069,0.981,0.453,0.037,0.019,0.037,0.037,0.444,0.481,0.7,0.6,0.4,0.6,0.4,-0.2228,0.4228,-0.526963103
22018,201942, DeMar DeRozan,1610612759, SAS, San Antonio Spurs, Handoff, Offensive,0.276,77,0.04,0.779,0.37,0.132,0.103,0.132,0.029,0.397,0.37,0.9,0.7,0.4,0.7,0.4,-0.282,0.582,-0.484536082
22018,101123, Gerald Green,1610612745, HOU, Houston Rockets, Handoff, Offensive,0.972,73,0.056,1.378,0.517,0.135,0.081,0.135,0,0.541,0.707,0.5,0.7,0.2,0.4,0.2,0.1656,0.0344,4.813953488
22018,202339, Eric Bledsoe,1610612749, MIL, Milwaukee Bucks, Handoff, Offensive,0.877,78,0.036,1.133,0.514,0.067,0.111,0.067,0,0.467,0.649,0.6,0.7,0.2,0.5,0.2,0.249,0.051,4.882352941
22018,201609, Goran Dragic,1610612748, MIA, Miami Heat, Handoff, Offensive,0.434,36,0.107,0.879,0.367,0.086,0.121,0.069,0.052,0.345,0.459,1.6,1.4,0.9,1.4,0.9,-0.5148,1.0148,-0.507292077
22018,1628370, Malik Monk,1610612766, CHA, Charlotte Hornets, Handoff, Offensive,0.395,73,0.083,0.864,0.381,0.102,0.203,0.085,0.017,0.356,0.476,0.8,0.7,0.4,0.6,0.4,-0.2288,0.4288,-0.53358209
22018,1627761, DeAndre' Bembry,1610612737, ATL, Atlanta Hawks, Handoff, Offensive,0.154,81,0.092,0.662,0.39,0.014,0.203,0.014,0.014,0.311,0.407,0.9,0.6,0.4,0.7,0.4,-0.2302,0.5302,-0.434175783
22018,203935, Marcus Smart,1610612738, BOS, Boston Celtics, Handoff, Offensive,0.864,80,0.057,1.116,0.436,0.023,0.07,0.023,0,0.419,0.577,0.5,0.6,0.3,0.5,0.3,-0.023,0.223,-0.103139013
22018,201565, Derrick Rose,1610612750, MIN, Minnesota Timberwolves, Handoff, Offensive,0.909,51,0.043,1.205,0.548,0.128,0.077,0.128,0,0.564,0.597,0.8,0.9,0.3,0.6,0.3,0.1164,0.1836,0.633986928
22018,201572, Brook Lopez,1610612749, MIL, Milwaukee Bucks, Handoff, Offensive,0.448,81,0.058,0.887,0.292,0.113,0,0.094,0.019,0.358,0.385,0.7,0.6,0.4,0.6,0.4,-0.338,0.538,-0.628252788
22018,203507, Giannis Antetokounmpo,1610612749, MIL, Milwaukee Bucks, Handoff, Offensive,0.976,72,0.018,1.394,0.593,0.212,0.061,0.182,0.091,0.606,0.685,0.5,0.6,0.2,0.4,0.2,0.148,0.052,2.846153846
22018,1627759, Jaylen Brown,1610612738, BOS, Boston Celtics, Handoff, Offensive,0.64,74,0.048,0.979,0.417,0.17,0.106,0.17,0.043,0.447,0.472,0.6,0.6,0.3,0.5,0.3,-0.128,0.328,-0.390243902
22018,203079, Dion Waiters,1610612748, MIA, Miami Heat, Handoff, Offensive,0.192,44,0.116,0.708,0.274,0.015,0.031,0.015,0,0.262,0.371,1.5,1,1,1.4,1,-0.9612,1.3612,-0.70614164
22018,202709, Cory Joseph,1610612754, IND, Indiana Pacers, Handoff, Offensive,0.353,82,0.082,0.849,0.435,0.038,0.094,0.038,0,0.415,0.457,0.6,0.5,0.3,0.6,0.3,-0.0516,0.3516,-0.146757679
22018,203584, Troy Daniels,1610612756, PHX, Phoenix Suns, Handoff, Offensive,0.316,51,0.177,0.818,0.306,0.036,0.091,0.018,0.018,0.291,0.429,1.1,0.9,0.7,1,0.7,-0.542,0.842,-0.643705463
22018,203459, Allen Crabbe,1610612751, BKN, Brooklyn Nets, Handoff, Offensive,0.871,43,0.087,1.132,0.4,0.053,0.026,0.053,0,0.421,0.543,0.9,1,0.5,0.8,0.5,-0.1312,0.4312,-0.304267161
22018,203506, Victor Oladipo,1610612754, IND, Indiana Pacers, Handoff, Offensive,0.472,36,0.065,0.896,0.4,0.104,0.083,0.104,0.021,0.417,0.45,1.3,1.2,0.7,1.1,0.7,-0.41,0.81,-0.50617284
22018,201961, Wayne Ellington,1610612748, MIA, Miami Heat, Handoff, Offensive,0.231,25,0.286,0.741,0.255,0.034,0.086,0.034,0,0.259,0.373,2.3,1.7,1.5,2,1.5,-1.508,2.008,-0.750996016
22018,203917, Nik Stauskas,1610612757, POR, Portland Trail Blazers, Handoff, Offensive,0.371,44,0.172,0.857,0.357,0.082,0.082,0.041,0.02,0.367,0.429,1.1,1,0.6,1,0.6,-0.342,0.742,-0.460916442
22018,202699, Tobias Harris,1610612746, LAC, LA Clippers, Handoff, Offensive,0.225,55,0.054,0.737,0.354,0.07,0.088,0.053,0,0.368,0.375,1,0.8,0.6,0.9,0.6,-0.525,0.825,-0.636363636
22018,202330, Gordon Hayward,1610612738, BOS, Boston Celtics, Handoff, Offensive,0.225,72,0.069,0.737,0.34,0.07,0.07,0.07,0.018,0.351,0.37,0.8,0.6,0.5,0.7,0.5,-0.482,0.682,-0.706744868
22018,1628374, Lauri Markkanen,1610612741, CHI, Chicago Bulls, Handoff, Offensive,0.486,52,0.047,0.911,0.432,0.089,0.111,0.067,0.022,0.422,0.473,0.9,0.8,0.4,0.7,0.4,-0.1378,0.4378,-0.314755596
22018,1628469, Antonio Blakeney,1610612741, CHI, Chicago Bulls, Handoff, Offensive,0.129,57,0.141,0.631,0.309,0.092,0.092,0.077,0.031,0.308,0.318,1.1,0.7,0.7,1,0.7,-0.764,1.064,-0.718045113
22018,1628402, Frank Jackson,1610612740, NOP, New Orleans Pelicans, Handoff, Offensive,0.585,61,0.08,0.952,0.4,0.095,0.071,0.095,0,0.429,0.457,0.7,0.7,0.3,0.6,0.3,-0.0516,0.3516,-0.146757679
22018,203482, Kelly Olynyk,1610612748, MIA, Miami Heat, Handoff, Offensive,0.332,79,0.064,0.833,0.279,0.063,0.042,0.063,0,0.313,0.407,0.6,0.5,0.4,0.5,0.4,-0.393,0.493,-0.797160243
22018,204456, T.J. McConnell,1610612755, PHI, Philadelphia 76ers, Handoff, Offensive,0.782,76,0.069,1.056,0.563,0.056,0.083,0.056,0.028,0.528,0.563,0.5,0.5,0.2,0.4,0.2,0.0504,0.1496,0.336898396
22018,200826, J.J. Barea,1610612742, DAL, Dallas Mavericks, Handoff, Offensive,0.158,38,0.117,0.667,0.34,0.053,0.105,0.053,0.035,0.298,0.37,1.5,1,0.9,1.3,0.9,-0.838,1.238,-0.676898223
22018,101108, Chris Paul,1610612745, HOU, Houston Rockets, Handoff, Offensive,0.572,59,0.041,0.949,0.4,0.051,0.077,0.051,0.026,0.385,0.471,0.7,0.6,0.4,0.6,0.4,-0.2348,0.4348,-0.540018399
22018,203471, Dennis Schroder,1610612760, OKC, Oklahoma City Thunder, Handoff, Offensive,0.79,78,0.025,1.059,0.448,0.088,0.059,0.059,0,0.471,0.517,0.4,0.5,0.2,0.4,0.2,0.0136,0.1864,0.072961373
22018,202694, Marcus Morris,1610612738, BOS, Boston Celtics, Handoff, Offensive,0.689,75,0.036,1,0.394,0.083,0,0.056,0,0.444,0.455,0.5,0.5,0.3,0.4,0.3,-0.236,0.336,-0.702380952
22018,1628401, Derrick White,1610612759, SAS, San Antonio Spurs, Handoff, Offensive,0.565,67,0.055,0.947,0.516,0.053,0.132,0.053,0,0.474,0.532,0.6,0.5,0.2,0.5,0.2,0.132,0.168,0.785714286
22018,1628983, Shai Gilgeous-Alexander,1610612746, LAC, LA Clippers, Handoff, Offensive,0.259,82,0.05,0.766,0.368,0.106,0.149,0.064,0.064,0.34,0.408,0.6,0.4,0.3,0.5,0.3,-0.192,0.392,-0.489795918
22018,1627788, Furkan Korkmaz,1610612755, PHI, Philadelphia 76ers, Handoff, Offensive,0.794,48,0.115,1.061,0.462,0.182,0.03,0.121,0,0.545,0.538,0.7,0.7,0.3,0.5,0.3,-0.062,0.262,-0.236641221
22018,203200, Justin Holiday,1610612741, CHI, Chicago Bulls, Handoff, Offensive,0.255,38,0.1,0.761,0.333,0.065,0.196,0.065,0.043,0.283,0.431,1.2,0.9,0.6,0.9,0.6,-0.4242,0.7242,-0.585749793
22018,1627774, Jake Layman,1610612757, POR, Portland Trail Blazers, Handoff, Offensive,0.94,71,0.054,1.259,0.545,0.111,0.111,0.111,0.037,0.519,0.705,0.4,0.5,0.1,0.3,0.1,0.223,-0.023,-9.695652174
22018,202699, Tobias Harris,1610612755, PHI, Philadelphia 76ers, Handoff, Offensive,0.94,27,0.056,1.259,0.591,0.111,0.074,0.111,0,0.593,0.636,1,1.3,0.3,0.8,0.3,0.4176,0.0824,5.067961165
22018,202692, Alec Burks,1610612739, CLE, Cleveland Cavaliers, Handoff, Offensive,0.877,34,0.07,1.133,0.483,0,0.033,0,0,0.467,0.586,0.9,1,0.4,0.9,0.4,0.2548,0.2452,1.039151713
22018,202714, Shelvin Mack,1610612763, MEM, Memphis Grizzlies, Handoff, Offensive,0.406,53,0.079,0.868,0.424,0.053,0.079,0.053,0,0.421,0.455,0.7,0.6,0.4,0.6,0.4,-0.254,0.454,-0.559471366
22018,203115, Will Barton,1610612743, DEN, Denver Nuggets, Handoff, Offensive,0.108,43,0.101,0.589,0.318,0.054,0.179,0.054,0.018,0.286,0.341,1.3,0.8,0.7,1,0.7,-0.718,1.018,-0.705304519
22018,1628368, De'Aaron Fox,1610612758, SAC, Sacramento Kings, Handoff, Offensive,0.144,81,0.033,0.64,0.364,0.12,0.22,0.1,0,0.34,0.379,0.6,0.4,0.3,0.4,0.3,-0.2968,0.3968,-0.747983871
22018,202340, Avery Bradley,1610612763, MEM, Memphis Grizzlies, Handoff, Offensive,0.804,14,0.127,1.069,0.684,0.034,0.31,0.034,0,0.483,0.763,2.1,2.2,0.4,1.4,0.4,1.3364,-0.3364,-3.972651605
22018,203894, Shabazz Napier,1610612751, BKN, Brooklyn Nets, Handoff, Offensive,0.626,56,0.057,0.969,0.346,0.125,0.063,0.094,0,0.406,0.481,0.6,0.6,0.3,0.5,0.3,-0.119,0.319,-0.373040752
22018,1627742, Brandon Ingram,1610612747, LAL, Los Angeles Lakers, Handoff, Offensive,0.379,52,0.037,0.861,0.481,0.167,0.222,0.167,0.139,0.389,0.5,0.7,0.6,0.3,0.5,0.3,-0.1,0.3,-0.333333333
22018,203915, Spencer Dinwiddie,1610612751, BKN, Brooklyn Nets, Handoff, Offensive,0.269,68,0.036,0.775,0.313,0.125,0.1,0.1,0.025,0.35,0.359,0.6,0.5,0.3,0.5,0.3,-0.241,0.441,-0.546485261
22018,201954, Darren Collison,1610612754, IND, Indiana Pacers, Handoff, Offensive,0.168,76,0.053,0.674,0.351,0.022,0.174,0.022,0,0.304,0.392,0.6,0.4,0.3,0.5,0.3,-0.208,0.408,-0.509803922
22018,2544, LeBron James,1610612747, LAL, Los Angeles Lakers, Handoff, Offensive,0.986,55,0.014,1.429,0.632,0,0.095,0,0,0.571,0.789,0.4,0.5,0.1,0.3,0.1,0.2734,-0.0734,-3.72479564
22018,202083, Wesley Matthews,1610612754, IND, Indiana Pacers, Handoff, Offensive,0.483,23,0.126,0.909,0.423,0.091,0.152,0.091,0.03,0.394,0.481,1.4,1.3,0.7,1.1,0.7,-0.3418,0.7418,-0.460771097
22018,203546, Ian Clark,1610612740, NOP, New Orleans Pelicans, Handoff, Offensive,0.305,60,0.082,0.811,0.323,0.054,0.135,0.027,0.027,0.297,0.435,0.6,0.5,0.4,0.5,0.4,-0.365,0.465,-0.784946237
22018,1626188, Quinn Cook,1610612744, GSW, Golden State Warriors, Handoff, Offensive,0.305,74,0.074,0.811,0.394,0,0.108,0,0,0.351,0.455,0.5,0.4,0.3,0.4,0.3,-0.236,0.336,-0.702380952
22018,203504, Trey Burke,1610612752, NYK, New York Knicks, Handoff, Offensive,0.913,33,0.058,1.208,0.6,0.042,0.125,0.042,0,0.542,0.675,0.7,0.9,0.2,0.6,0.2,0.41,-0.01,-41
22018,1626162, Kelly Oubre Jr.,1610612756, PHX, Phoenix Suns, Handoff, Offensive,0.43,40,0.049,0.879,0.393,0.121,0.091,0.121,0.061,0.394,0.446,0.8,0.7,0.4,0.7,0.4,-0.1756,0.4756,-0.36921783
22018,1628988, Aaron Holiday,1610612754, IND, Indiana Pacers, Handoff, Offensive,0.301,50,0.111,0.806,0.414,0.028,0.167,0,0,0.361,0.466,0.7,0.6,0.3,0.6,0.3,-0.0408,0.3408,-0.11971831
22018,202357, Nemanja Bjelica,1610612758, SAC, Sacramento Kings, Handoff, Offensive,0.951,77,0.029,1.286,0.526,0,0.095,0,0,0.476,0.711,0.3,0.4,0.1,0.2,0.1,0.0844,0.0156,5.41025641
22018,1628371, Jonathan Isaac,1610612753, ORL, Orlando Magic, Handoff, Offensive,0.612,75,0.037,0.964,0.409,0.143,0.107,0.107,0.036,0.429,0.5,0.4,0.4,0.2,0.3,0.2,-0.1,0.2,-0.5
22018,1629013, Landry Shamet,1610612746, LAC, LA Clippers, Handoff, Offensive,0.409,25,0.128,0.871,0.407,0.032,0.097,0,0,0.387,0.481,1.2,1.1,0.6,1.1,0.6,-0.1418,0.6418,-0.220941103
22018,202066, Garrett Temple,1610612763, MEM, Memphis Grizzlies, Handoff, Offensive,0.316,49,0.07,0.818,0.345,0.03,0.091,0.03,0,0.333,0.431,0.7,0.6,0.4,0.6,0.4,-0.2828,0.4828,-0.585749793
22018,1629006, Josh Okogie,1610612750, MIN, Minnesota Timberwolves, Handoff, Offensive,0.238,74,0.056,0.75,0.379,0.111,0.111,0.111,0.028,0.361,0.397,0.5,0.4,0.2,0.4,0.2,-0.0824,0.2824,-0.291784703
22018,201960, DeMarre Carroll,1610612751, BKN, Brooklyn Nets, Handoff, Offensive,0.93,67,0.028,1.238,0.438,0.286,0,0.286,0.048,0.571,0.531,0.3,0.4,0.1,0.2,0.1,0.0124,0.0876,0.141552511
22018,202397, Ish Smith,1610612765, DET, Detroit Pistons, Handoff, Offensive,0.867,56,0.04,1.13,0.5,0.087,0.043,0.087,0,0.478,0.625,0.4,0.5,0.2,0.4,0.2,0.1,0.1,1
22018,1628425, Sterling Brown,1610612749, MIL, Milwaukee Bucks, Handoff, Offensive,0.525,58,0.074,0.929,0.385,0.036,0.071,0.036,0.036,0.357,0.5,0.5,0.4,0.3,0.4,0.3,-0.2,0.3,-0.666666667
22018,1629019, Allonzo Trier,1610612752, NYK, New York Knicks, Handoff, Offensive,0.343,64,0.042,0.839,0.476,0.129,0.194,0.129,0,0.452,0.5,0.5,0.4,0.2,0.3,0.2,-0.1,0.2,-0.5
22018,201566, Russell Westbrook,1610612760, OKC, Oklahoma City Thunder, Handoff, Offensive,0.28,72,0.017,0.788,0.393,0.091,0.061,0.061,0,0.364,0.446,0.5,0.4,0.2,0.4,0.2,-0.0432,0.2432,-0.177631579
22018,1627853, Ryan Arcidiacono,1610612741, CHI, Chicago Bulls, Handoff, Offensive,0.206,81,0.068,0.722,0.379,0.056,0.139,0.056,0,0.361,0.397,0.4,0.3,0.2,0.4,0.2,-0.0824,0.2824,-0.291784703
22018,1628373, Frank Ntilikina,1610612752, NYK, New York Knicks, Handoff, Offensive,0.158,43,0.111,0.667,0.333,0.051,0.128,0.051,0.026,0.308,0.348,0.9,0.6,0.5,0.8,0.5,-0.4432,0.7432,-0.596340151
22018,1628969, Mikal Bridges,1610612756, PHX, Phoenix Suns, Handoff, Offensive,0.112,82,0.065,0.591,0.282,0.023,0.091,0,0,0.273,0.321,0.5,0.3,0.3,0.5,0.3,-0.279,0.479,-0.582463466
22018,1626209, Mario Hezonja,1610612752, NYK, New York Knicks, Handoff, Offensive,0.759,58,0.04,1.042,0.45,0.125,0.042,0.125,0,0.5,0.525,0.4,0.4,0.2,0.3,0.2,-0.085,0.185,-0.459459459
22018,1627782, Wayne Selden,1610612741, CHI, Chicago Bulls, Handoff, Offensive,0.458,43,0.069,0.893,0.417,0.071,0.071,0.071,0,0.429,0.479,0.7,0.6,0.3,0.6,0.3,-0.0252,0.3252,-0.077490775
22018,202703, Nikola Mirotic,1610612740, NOP, New Orleans Pelicans, Handoff, Offensive,0.332,32,0.062,0.833,0.321,0,0.067,0,0,0.3,0.446,0.9,0.8,0.6,0.9,0.6,-0.3972,0.6972,-0.569707401
22018,202083, Wesley Matthews,1610612742, DAL, Dallas Mavericks, Handoff, Offensive,0.126,44,0.069,0.625,0.265,0.05,0.1,0.05,0,0.275,0.309,0.9,0.6,0.6,0.8,0.6,-0.7056,0.9056,-0.779151943
22018,202340, Avery Bradley,1610612746, LAC, LA Clippers, Handoff, Offensive,0.038,49,0.11,0.463,0.244,0.019,0.148,0.019,0,0.222,0.267,1.1,0.5,0.7,0.9,0.7,-0.9194,1.1194,-0.821332857
22018,203504, Trey Burke,1610612742, DAL, Dallas Mavericks, Handoff, Offensive,0.762,25,0.099,1.043,0.444,0.13,0.13,0.13,0.043,0.435,0.528,0.9,1,0.4,0.7,0.4,-0.0608,0.3608,-0.168514412
22018,203501, Tim Hardaway Jr.,1610612742, DAL, Dallas Mavericks, Handoff, Offensive,0.689,19,0.078,1,0.391,0.042,0,0.042,0,0.417,0.457,1.3,1.3,0.7,1.2,0.7,-0.3032,0.8032,-0.37749004
22018,1628404, Josh Hart,1610612747, LAL, Los Angeles Lakers, Handoff, Offensive,0.608,67,0.045,0.96,0.381,0.04,0.12,0.04,0,0.36,0.524,0.4,0.4,0.2,0.3,0.2,-0.0856,0.1856,-0.461206897
22018,202323, Evan Turner,1610612757, POR, Portland Trail Blazers, Handoff, Offensive,0.295,73,0.05,0.8,0.435,0.067,0.167,0.067,0,0.4,0.457,0.4,0.3,0.2,0.3,0.2,-0.1258,0.2258,-0.557130204
22018,203901, Elfrid Payton,1610612740, NOP, New Orleans Pelicans, Handoff, Offensive,0.238,42,0.058,0.75,0.321,0.063,0.063,0.063,0,0.344,0.393,0.8,0.6,0.5,0.7,0.5,-0.4498,0.6498,-0.692212989
22018,101139, CJ Miles,1610612763, MEM, Memphis Grizzlies, Handoff, Offensive,0.997,13,0.125,1.533,0.643,0.067,0,0.067,0,0.667,0.75,1.2,1.8,0.4,1.1,0.4,0.85,-0.15,-5.666666667
22018,203944, Julius Randle,1610612740, NOP, New Orleans Pelicans, Handoff, Offensive,0.969,73,0.011,1.353,0.643,0.235,0,0.235,0.059,0.588,0.75,0.2,0.3,0.1,0.2,0.1,0.1,0,#DIV/0!
22018,202722, Davis Bertans,1610612759, SAS, San Antonio Spurs, Handoff, Offensive,0.881,76,0.039,1.15,0.421,0,0.05,0,0,0.4,0.605,0.3,0.3,0.1,0.3,0.1,0.163,0.037,4.405405405
22018,1627739, Kris Dunn,1610612741, CHI, Chicago Bulls, Handoff, Offensive,0.766,46,0.035,1.045,0.588,0,0.227,0,0,0.455,0.676,0.5,0.5,0.2,0.4,0.2,0.1408,0.0592,2.378378378
22018,201571, D.J. Augustin,1610612753, ORL, Orlando Magic, Handoff, Offensive,0.509,81,0.028,0.92,0.368,0.16,0.08,0.12,0,0.44,0.395,0.3,0.3,0.1,0.2,0.1,-0.042,0.142,-0.295774648
22018,1627747, Caris LeVert,1610612751, BKN, Brooklyn Nets, Handoff, Offensive,0.509,40,0.041,0.92,0.476,0.16,0.04,0.16,0.04,0.48,0.476,0.6,0.6,0.3,0.5,0.3,-0.124,0.324,-0.382716049
22018,1628407, Dwayne Bacon,1610612766, CHA, Charlotte Hornets, Handoff, Offensive,0.441,43,0.088,0.885,0.4,0.038,0,0.038,0,0.423,0.42,0.6,0.5,0.3,0.6,0.3,-0.096,0.396,-0.242424242
22018,1626162, Kelly Oubre Jr.,1610612764, WAS, Washington Wizards, Handoff, Offensive,0.361,29,0.073,0.852,0.3,0.333,0.074,0.333,0.148,0.407,0.3,0.9,0.8,0.5,0.7,0.5,-0.58,0.78,-0.743589744
22018,1628398, Kyle Kuzma,1610612747, LAL, Los Angeles Lakers, Handoff, Offensive,0.262,70,0.023,0.767,0.32,0.067,0.1,0.067,0,0.333,0.38,0.4,0.3,0.2,0.4,0.2,-0.096,0.296,-0.324324324
22018,201949, James Johnson,1610612748, MIA, Miami Heat, Handoff, Offensive,0.923,55,0.037,1.222,0.538,0.222,0.056,0.222,0,0.611,0.654,0.3,0.4,0.1,0.2,0.1,0.0616,0.0384,1.604166667
22018,1626181, Norman Powell,1610612761, TOR, Toronto Raptors, Handoff, Offensive,0.689,60,0.044,1,0.647,0,0.227,0,0,0.5,0.647,0.4,0.4,0.1,0.3,0.1,0.1882,0.0118,15.94915254
22018,1629059, Elie Okobo,1610612756, PHX, Phoenix Suns, Handoff, Offensive,0.689,53,0.058,1,0.421,0.136,0.091,0.136,0.091,0.409,0.5,0.4,0.4,0.2,0.4,0.2,0,0.2,0
22018,201976, Patrick Beverley,1610612746, LAC, LA Clippers, Handoff, Offensive,0.604,78,0.037,0.957,0.429,0,0.087,0,0,0.391,0.524,0.3,0.3,0.2,0.3,0.2,-0.0856,0.1856,-0.461206897
22018,1627885, Shaquille Harrison,1610612741, CHI, Chicago Bulls, Handoff, Offensive,0.252,73,0.054,0.759,0.333,0.138,0.138,0.103,0,0.379,0.333,0.4,0.3,0.2,0.3,0.2,-0.2002,0.3002,-0.666888741
22018,203917, Nik Stauskas,1610612739, CLE, Cleveland Cavaliers, Handoff, Offensive,1,24,0.098,1.615,0.583,0.077,0,0.077,0,0.615,0.792,0.5,0.9,0.2,0.5,0.2,0.392,-0.092,-4.260869565
22018,203496, Robert Covington,1610612750, MIN, Minnesota Timberwolves, Handoff, Offensive,0.769,22,0.068,1.05,0.368,0.05,0,0.05,0,0.4,0.5,0.9,1,0.5,0.9,0.5,-0.1,0.5,-0.2
22018,2225, Tony Parker,1610612766, CHA, Charlotte Hornets, Handoff, Offensive,0.419,56,0.04,0.875,0.45,0.125,0.083,0.125,0.042,0.458,0.45,0.4,0.4,0.2,0.4,0.2,-0.04,0.24,-0.166666667
22018,203518, Alex Abrines,1610612760, OKC, Oklahoma City Thunder, Handoff, Offensive,0.965,31,0.085,1.333,0.462,0.133,0,0.133,0,0.533,0.615,0.5,0.6,0.2,0.4,0.2,0.092,0.108,0.851851852
22018,201145, Jeff Green,1610612764, WAS, Washington Wizards, Handoff, Offensive,0.895,77,0.019,1.176,0.538,0.176,0.118,0.176,0.059,0.529,0.577,0.2,0.3,0.1,0.2,0.1,0.0308,0.0692,0.445086705
22018,1628972, Troy Brown Jr.,1610612764, WAS, Washington Wizards, Handoff, Offensive,0.585,52,0.074,0.952,0.471,0.095,0.095,0.095,0,0.476,0.5,0.4,0.4,0.2,0.3,0.2,-0.1,0.2,-0.5
22018,1628382, Justin Jackson,1610612758, SAC, Sacramento Kings, Handoff, Offensive,0.585,52,0.062,0.952,0.429,0,0,0,0,0.429,0.476,0.4,0.4,0.2,0.4,0.2,-0.0192,0.2192,-0.087591241
22018,1627812, Yogi Ferrell,1610612758, SAC, Sacramento Kings, Handoff, Offensive,0.295,71,0.06,0.8,0.32,0,0,0,0,0.32,0.4,0.4,0.3,0.2,0.4,0.2,-0.08,0.28,-0.285714286
22018,1626179, Terry Rozier,1610612738, BOS, Boston Celtics, Handoff, Offensive,0.024,79,0.062,0.417,0.2,0.042,0.125,0.042,0,0.208,0.213,0.6,0.3,0.4,0.5,0.4,-0.587,0.687,-0.854439592
22018,1626153, Delon Wright,1610612763, MEM, Memphis Grizzlies, Handoff, Offensive,0.944,26,0.043,1.267,0.538,0.067,0.067,0.067,0,0.533,0.654,0.6,0.7,0.2,0.5,0.2,0.254,0.046,5.52173913
22018,203933, T.J. Warren,1610612756, PHX, Phoenix Suns, Handoff, Offensive,0.782,43,0.025,1.056,0.5,0.111,0.056,0.111,0.056,0.5,0.5,0.4,0.4,0.2,0.4,0.2,0,0.2,0
22018,1626170, Jerian Grant,1610612753, ORL, Orlando Magic, Handoff, Offensive,0.782,60,0.063,1.056,0.571,0.167,0.111,0.167,0.056,0.5,0.607,0.3,0.3,0.1,0.2,0.1,0.0428,0.0572,0.748251748
22018,1628416, Tyler Dorsey,1610612763, MEM, Memphis Grizzlies, Handoff, Offensive,0.689,21,0.092,1,0.412,0.053,0.105,0.053,0.053,0.368,0.529,0.9,0.9,0.5,0.8,0.5,-0.1536,0.4536,-0.338624339
22018,1626169, Stanley Johnson,1610612765, DET, Detroit Pistons, Handoff, Offensive,0.577,48,0.047,0.95,0.471,0,0.15,0,0,0.4,0.559,0.4,0.4,0.2,0.4,0.2,0.0472,0.1528,0.308900524
22018,2772, Trevor Ariza,1610612764, WAS, Washington Wizards, Handoff, Offensive,0.389,43,0.035,0.864,0.381,0.091,0.045,0.091,0.091,0.364,0.429,0.5,0.4,0.3,0.5,0.3,-0.171,0.371,-0.460916442
22018,2772, Trevor Ariza,1610612756, PHX, Phoenix Suns, Handoff, Offensive,0.389,26,0.078,0.864,0.333,0.045,0,0.045,0,0.318,0.452,0.8,0.7,0.5,0.8,0.5,-0.2768,0.5768,-0.479889043
22018,203200, Justin Holiday,1610612763, MEM, Memphis Grizzlies, Handoff, Offensive,0.042,44,0.089,0.463,0.25,0.073,0.268,0.024,0.024,0.22,0.268,0.9,0.4,0.5,0.6,0.5,-0.6784,0.7784,-0.871531346
22018,201588, George Hill,1610612739, CLE, Cleveland Cavaliers, Handoff, Offensive,0.993,14,0.09,1.5,0.625,0.333,0,0.25,0,0.75,0.75,0.9,1.3,0.2,0.6,0.2,0.5,-0.1,-5
22018,1628970, Miles Bridges,1610612766, CHA, Charlotte Hornets, Handoff, Offensive,0.316,80,0.037,0.818,0.35,0.045,0.045,0.045,0,0.364,0.425,0.3,0.2,0.2,0.3,0.2,-0.145,0.245,-0.591836735
22018,1627783, Pascal Siakam,1610612761, TOR, Toronto Raptors, Handoff, Offensive,0.081,80,0.026,0.563,0.286,0.094,0.25,0.063,0,0.281,0.286,0.4,0.2,0.2,0.3,0.2,-0.2284,0.3284,-0.695493301
22018,203613, Jonathon Simmons,1610612753, ORL, Orlando Magic, Handoff, Offensive,0.081,41,0.086,0.563,0.292,0.031,0.25,0.031,0.031,0.219,0.354,0.8,0.4,0.4,0.6,0.4,-0.3752,0.5752,-0.652294854
22018,2747, JR Smith,1610612739, CLE, Cleveland Cavaliers, Handoff, Offensive,0.919,11,0.147,1.214,0.7,0.071,0.214,0.071,0,0.571,0.75,1.3,1.5,0.3,0.9,0.3,0.75,-0.15,-5
22018,203076, Anthony Davis,1610612740, NOP, New Orleans Pelicans, Handoff, Offensive,0.558,56,0.014,0.944,0.385,0.111,0.167,0.111,0,0.389,0.462,0.3,0.3,0.1,0.2,0.1,-0.0152,0.1152,-0.131944444
22018,1626155, Sam Dekker,1610612764, WAS, Washington Wizards, Handoff, Offensive,0.465,38,0.078,0.895,0.421,0,0,0,0,0.421,0.447,0.5,0.4,0.3,0.5,0.3,-0.153,0.353,-0.433427762
22018,1628366, Lonzo Ball,1610612747, LAL, Los Angeles Lakers, Handoff, Offensive,0.465,47,0.033,0.895,0.5,0,0.263,0,0,0.368,0.607,0.4,0.4,0.1,0.3,0.1,0.1642,0.0358,4.586592179
22018,1627827, Dorian Finney-Smith,1610612742, DAL, Dallas Mavericks, Handoff, Offensive,0.465,81,0.029,0.895,0.353,0.105,0.053,0.105,0.053,0.368,0.441,0.2,0.2,0.1,0.2,0.1,-0.0236,0.1236,-0.190938511
22018,1627782, Wayne Selden,1610612763, MEM, Memphis Grizzlies, Handoff, Offensive,0.357,31,0.101,0.85,0.412,0,0.15,0,0,0.35,0.5,0.6,0.5,0.3,0.5,0.3,-0.1,0.3,-0.333333333
22018,1626192, Pat Connaughton,1610612749, MIL, Milwaukee Bucks, Handoff, Offensive,0.031,61,0.093,0.459,0.172,0.108,0.108,0.081,0,0.216,0.207,0.6,0.3,0.4,0.5,0.4,-0.593,0.693,-0.855699856
22018,203967, Dario Saric,1610612750, MIN, Minnesota Timberwolves, Handoff, Offensive,0.965,68,0.018,1.333,0.5,0.083,0,0.083,0.083,0.5,0.625,0.2,0.2,0.1,0.2,0.1,0.05,0.05,1
22018,203493, Reggie Bullock,1610612747, LAL, Los Angeles Lakers, Handoff, Offensive,0.927,19,0.077,1.231,0.455,0.077,0.077,0.077,0,0.462,0.636,0.7,0.8,0.3,0.6,0.3,0.1632,0.1368,1.192982456
22018,203937, Kyle Anderson,1610612763, MEM, Memphis Grizzlies, Handoff, Offensive,0.547,43,0.047,0.941,0.667,0,0.294,0,0,0.471,0.667,0.4,0.4,0.1,0.3,0.1,0.2002,-0.0002,-1001
22018,202692, Alec Burks,1610612762, UTA, Utah Jazz, Handoff, Offensive,0.547,17,0.118,0.941,0.417,0.176,0.118,0.176,0,0.471,0.5,1,0.9,0.4,0.7,0.4,-0.1,0.4,-0.25
22018,201588, George Hill,1610612749, MIL, Milwaukee Bucks, Handoff, Offensive,0.451,47,0.055,0.889,0.313,0.111,0,0.111,0,0.389,0.406,0.4,0.3,0.2,0.3,0.2,-0.1564,0.2564,-0.609984399
22018,202718, Chandler Parsons,1610612763, MEM, Memphis Grizzlies, Handoff, Offensive,0.211,25,0.098,0.727,0.4,0.045,0.273,0.045,0,0.318,0.467,0.9,0.6,0.4,0.6,0.4,-0.2396,0.4396,-0.545040946
22018,1627823, Juancho Hernangomez,1610612743, DEN, Denver Nuggets, Handoff, Offensive,0.144,70,0.065,0.64,0.333,0,0.16,0,0,0.28,0.381,0.4,0.2,0.2,0.3,0.2,-0.1714,0.2714,-0.631540162
22018,202391, Jeremy Lin,1610612761, TOR, Toronto Raptors, Handoff, Offensive,0.993,23,0.05,1.5,0.714,0.2,0.1,0.2,0,0.7,0.857,0.4,0.7,0.1,0.3,0.1,0.3142,-0.1142,-2.751313485
22018,203953, Jabari Parker,1610612741, CHI, Chicago Bulls, Handoff, Offensive,0.885,39,0.022,1.154,0.455,0.077,0.077,0.077,0,0.462,0.591,0.3,0.4,0.2,0.3,0.2,-0.0454,0.1454,-0.312242091
22018,1628372, Dennis Smith Jr.,1610612752, NYK, New York Knicks, Handoff, Offensive,0.814,21,0.037,1.071,0.538,0,0.071,0,0,0.5,0.577,0.7,0.7,0.3,0.6,0.3,0.0924,0.2076,0.445086705
22018,2738, Andre Iguodala,1610612744, GSW, Golden State Warriors, Handoff, Offensive,0.814,68,0.037,1.071,0.455,0.143,0.071,0.143,0,0.429,0.591,0.2,0.2,0.1,0.2,0.1,0.0364,0.0636,0.572327044
22018,1627789, Timothe Luwawu-Cabarrot,1610612741, CHI, Chicago Bulls, Handoff, Offensive,0.689,29,0.074,1,0.417,0.133,0.067,0.133,0,0.467,0.458,0.5,0.5,0.2,0.4,0.2,-0.0336,0.2336,-0.143835616
22018,201952, Jeff Teague,1610612750, MIN, Minnesota Timberwolves, Handoff, Offensive,0.689,42,0.026,1,0.5,0.267,0.067,0.267,0.133,0.533,0.5,0.4,0.4,0.1,0.3,0.1,0.1,0.1,1
22018,202738, Isaiah Thomas,1610612743, DEN, Denver Nuggets, Handoff, Offensive,0.538,12,0.124,0.938,0.462,0.125,0.125,0.125,0.063,0.438,0.462,1.3,1.3,0.6,1.1,0.6,-0.1836,0.6836,-0.268578116
22018,203953, Jabari Parker,1610612764, WAS, Washington Wizards, Handoff, Offensive,0.287,25,0.049,0.789,0.333,0.105,0.105,0.105,0,0.368,0.4,0.8,0.6,0.4,0.6,0.4,-0.32,0.52,-0.615384615
22018,1628470, Torrey Craig,1610612743, DEN, Denver Nuggets, Handoff, Offensive,0.197,75,0.048,0.714,0.353,0,0.19,0,0,0.286,0.441,0.3,0.2,0.1,0.2,0.1,-0.0236,0.1236,-0.190938511
22018,1628960, Grayson Allen,1610612762, UTA, Utah Jazz, Handoff, Offensive,0.15,38,0.097,0.652,0.278,0.13,0.13,0.13,0.043,0.304,0.306,0.6,0.4,0.3,0.5,0.3,-0.294,0.494,-0.5951417
22018,1627832, Fred VanVleet,1610612761, TOR, Toronto Raptors, Handoff, Offensive,0.098,64,0.036,0.577,0.3,0.077,0.154,0.077,0,0.308,0.3,0.4,0.2,0.2,0.3,0.2,-0.22,0.32,-0.6875
22018,1626145, Tyus Jones,1610612750, MIN, Minnesota Timberwolves, Handoff, Offensive,0.074,68,0.052,0.556,0.3,0.037,0.222,0.037,0,0.259,0.325,0.4,0.2,0.2,0.3,0.2,-0.205,0.305,-0.672131148
22018,1628391, D.J. Wilson,1610612749, MIL, Milwaukee Bucks, Handoff, Offensive,0.891,48,0.039,1.167,0.417,0,0,0,0,0.417,0.583,0.3,0.3,0.1,0.3,0.1,0.1498,0.0502,2.984063745
22018,203490, Otto Porter Jr.,1610612741, CHI, Chicago Bulls, Handoff, Offensive,0.818,15,0.054,1.077,0.462,0.154,0,0.154,0.154,0.462,0.5,0.9,0.9,0.5,0.9,0.5,-0.1,0.5,-0.2
22018,1628390, Terrance Ferguson,1610612760, OKC, Oklahoma City Thunder, Handoff, Offensive,0.689,73,0.028,1,0.417,0.071,0.071,0.071,0,0.429,0.542,0.2,0.2,0.1,0.2,0.1,0.0168,0.0832,0.201923077
22018,203918, Rodney Hood,1610612757, POR, Portland Trail Blazers, Handoff, Offensive,0.689,27,0.056,1,0.5,0,0,0,0,0.5,0.5,0.5,0.5,0.3,0.5,0.3,-0.1,0.3,-0.333333333
22018,203085, Austin Rivers,1610612764, WAS, Washington Wizards, Handoff, Offensive,0.535,29,0.06,0.933,0.357,0.067,0,0,0,0.4,0.464,0.5,0.5,0.3,0.5,0.3,-0.136,0.336,-0.404761905
22018,1628382, Justin Jackson,1610612742, DAL, Dallas Mavericks, Handoff, Offensive,0.419,29,0.077,0.875,0.333,0.188,0,0.188,0.125,0.375,0.4,0.6,0.5,0.3,0.5,0.3,-0.2,0.4,-0.5
22018,203084, Harrison Barnes,1610612742, DAL, Dallas Mavericks, Handoff, Offensive,0.419,49,0.019,0.875,0.462,0.063,0.125,0,0,0.438,0.462,0.3,0.3,0.1,0.3,0.1,0.0772,0.1228,0.628664495
22018,1713, Vince Carter,1610612737, ATL, Atlanta Hawks, Handoff, Offensive,0.273,76,0.034,0.778,0.375,0,0.111,0,0,0.333,0.438,0.2,0.2,0.1,0.2,0.1,-0.0248,0.1248,-0.198717949
22018,1628381, John Collins,1610612737, ATL, Atlanta Hawks, Handoff, Offensive,0.958,60,0.01,1.3,0.556,0.1,0.1,0.1,0.1,0.5,0.667,0.2,0.2,0.1,0.2,0.1,0.0668,0.0332,2.012048193
22018,101141, Ersan Ilyasova,1610612749, MIL, Milwaukee Bucks, Handoff, Offensive,0.899,67,0.024,1.182,0.5,0,0.091,0,0,0.455,0.65,0.2,0.2,0.1,0.1,0.1,-0.07,0.07,-1
22018,1627814, Damion Lee,1610612744, GSW, Golden State Warriors, Handoff, Offensive,0.689,32,0.088,1,0.333,0.077,0,0.077,0,0.385,0.458,0.4,0.4,0.3,0.4,0.3,-0.2336,0.3336,-0.700239808
22018,1628990, Chandler Hutchison,1610612741, CHI, Chicago Bulls, Handoff, Offensive,0.525,44,0.055,0.929,0.5,0.071,0.071,0.071,0,0.5,0.5,0.3,0.3,0.1,0.3,0.1,0.1,0.1,1
22018,200752, Rudy Gay,1610612759, SAS, San Antonio Spurs, Handoff, Offensive,0.525,69,0.015,0.929,0.5,0.071,0.214,0.071,0,0.429,0.6,0.2,0.2,0.1,0.1,0.1,-0.08,0.08,-1
22018,203090, Maurice Harkless,1610612757, POR, Portland Trail Blazers, Handoff, Offensive,0.402,60,0.032,0.867,0.385,0.067,0.067,0.067,0,0.4,0.462,0.3,0.2,0.1,0.2,0.1,-0.0152,0.1152,-0.131944444
22018,203085, Austin Rivers,1610612745, HOU, Houston Rockets, Handoff, Offensive,0.175,47,0.044,0.684,0.294,0,0.105,0,0,0.263,0.382,0.4,0.3,0.3,0.4,0.3,-0.2944,0.3944,-0.746450304
22018,1628411, Wes Iwundu,1610612753, ORL, Orlando Magic, Handoff, Offensive,0.112,68,0.06,0.591,0.2,0.182,0.136,0.182,0,0.318,0.233,0.3,0.2,0.2,0.2,0.2,-0.3068,0.3068,-1
22018,1627863, Danuel House Jr.,1610612745, HOU, Houston Rockets, Handoff, Offensive,0.832,39,0.035,1.091,0.444,0,0.182,0,0,0.364,0.667,0.3,0.3,0.1,0.2,0.1,0.0668,0.0332,2.012048193
22018,1629121, Jaylen Adams,1610612737, ATL, Atlanta Hawks, Handoff, Offensive,0.689,33,0.088,1,0.444,0,0.25,0,0,0.333,0.667,0.4,0.4,0.2,0.3,0.2,0.0002,0.0998,0.002004008
22018,2037, Jamal Crawford,1610612756, PHX, Phoenix Suns, Handoff, Offensive,0.514,64,0.022,0.923,0.429,0.077,0.385,0.077,0,0.308,0.643,0.2,0.2,0.1,0.1,0.1,-0.0714,0.0714,-1
22018,1626168, Trey Lyles,1610612743, DEN, Denver Nuggets, Handoff, Offensive,0.158,64,0.029,0.667,0.286,0.056,0.167,0.056,0,0.278,0.357,0.3,0.2,0.2,0.2,0.2,-0.2572,0.2572,-1
22018,203107, Tomas Satoransky,1610612764, WAS, Washington Wizards, Handoff, Offensive,0.133,80,0.026,0.632,0.313,0.053,0.105,0.053,0,0.316,0.313,0.2,0.2,0.1,0.2,0.1,-0.0748,0.1748,-0.42791762
22018,203521, Matthew Dellavedova,1610612739, CLE, Cleveland Cavaliers, Handoff, Offensive,0.133,36,0.063,0.632,0.25,0.053,0.105,0.053,0,0.263,0.344,0.5,0.3,0.3,0.4,0.3,-0.3248,0.4248,-0.764595104
22018,1628372, Dennis Smith Jr.,1610612742, DAL, Dallas Mavericks, Handoff, Offensive,0.049,32,0.049,0.5,0.263,0,0.208,0,0,0.208,0.316,0.8,0.4,0.4,0.6,0.4,-0.4208,0.6208,-0.677835052
22018,1628971, Bruce Brown,1610612765, DET, Detroit Pistons, Handoff, Offensive,0.846,74,0.026,1.1,0.556,0,0.1,0,0,0.5,0.611,0.1,0.1,0.1,0.1,0.1,-0.0778,0.0778,-1
22018,1627936, Alex Caruso,1610612747, LAL, Los Angeles Lakers, Handoff, Offensive,0.846,25,0.041,1.1,0.375,0.2,0,0.2,0,0.5,0.438,0.4,0.4,0.2,0.3,0.2,-0.1372,0.2372,-0.57841484
22018,1629015, Zhaire Smith,1610612755, PHI, Philadelphia 76ers, Handoff, Offensive,0.689,6,0.25,1,0.444,0.091,0.091,0,0,0.455,0.556,1.8,1.8,0.8,1.5,0.8,0.068,0.632,0.107594937
22018,1629004, Svi Mykhailiuk,1610612747, LAL, Los Angeles Lakers, Handoff, Offensive,0.689,39,0.069,1,0.444,0,0.182,0,0,0.364,0.611,0.3,0.3,0.1,0.2,0.1,0.0444,0.0556,0.798561151
22018,201573, Jerryd Bayless,1610612750, MIN, Minnesota Timberwolves, Handoff, Offensive,0.35,34,0.047,0.846,0.455,0,0.154,0,0,0.385,0.5,0.4,0.3,0.2,0.3,0.2,-0.1,0.2,-0.5
22018,203954, Joel Embiid,1610612755, PHI, Philadelphia 76ers, Handoff, Offensive,0.22,64,0.009,0.733,0.222,0.2,0.2,0.133,0,0.333,0.278,0.2,0.2,0.1,0.1,0.1,-0.1444,0.1444,-1
22018,1628365, Markelle Fultz,1610612755, PHI, Philadelphia 76ers, Handoff, Offensive,0.179,19,0.081,0.688,0.333,0.063,0.063,0.063,0.063,0.313,0.333,0.8,0.6,0.5,0.8,0.5,-0.4672,0.7672,-0.608967675
22018,101139, CJ Miles,1610612761, TOR, Toronto Raptors, Handoff, Offensive,0.179,40,0.066,0.688,0.25,0.25,0.125,0.25,0.125,0.313,0.25,0.4,0.3,0.2,0.3,0.2,-0.25,0.35,-0.714285714
22018,203490, Otto Porter Jr.,1610612764, WAS, Washington Wizards, Handoff, Offensive,0.101,41,0.038,0.579,0.25,0.053,0.105,0.053,0,0.263,0.281,0.5,0.3,0.3,0.4,0.3,-0.3752,0.4752,-0.78956229
22018,1626220, Royce O'Neale,1610612762, UTA, Utah Jazz, Handoff, Offensive,0.07,82,0.047,0.55,0.333,0,0.25,0,0,0.25,0.367,0.2,0.1,0.1,0.2,0.1,-0.0532,0.1532,-0.347258486
22018,1628966, Keita Bates-Diop,1610612750, MIN, Minnesota Timberwolves, Handoff, Offensive,0.332,30,0.071,0.833,0.273,0.083,0,0.083,0,0.333,0.364,0.4,0.3,0.3,0.4,0.3,-0.3088,0.4088,-0.755381605
22018,202362, Lance Stephenson,1610612747, LAL, Los Angeles Lakers, Handoff, Offensive,0.332,68,0.022,0.833,0.429,0.167,0.333,0.167,0.083,0.333,0.571,0.2,0.1,0.1,0.1,0.1,-0.0858,0.0858,-1
22018,202688, Brandon Knight,1610612739, CLE, Cleveland Cavaliers, Handoff, Offensive,0.266,27,0.052,0.769,0.333,0,0.077,0,0,0.308,0.417,0.5,0.4,0.3,0.4,0.3,-0.2664,0.3664,-0.727074236
22018,203077, Michael Kidd-Gilchrist,1610612766, CHA, Charlotte Hornets, Handoff, Offensive,0.197,64,0.032,0.714,0.385,0,0.071,0,0,0.357,0.385,0.2,0.2,0.1,0.2,0.1,-0.046,0.146,-0.315068493
22018,201980, Danny Green,1610612761, TOR, Toronto Raptors, Handoff, Offensive,0.197,80,0.019,0.714,0.3,0.071,0.214,0.071,0,0.286,0.45,0.2,0.1,0.1,0.1,0.1,-0.11,0.11,-1
22018,203496, Robert Covington,1610612755, PHI, Philadelphia 76ers, Handoff, Offensive,0.074,13,0.122,0.556,0.308,0.056,0.222,0.056,0,0.278,0.346,1.4,0.8,0.7,1,0.7,-0.708,1.008,-0.702380952
22018,1628384, OG Anunoby,1610612761, TOR, Toronto Raptors, Handoff, Offensive,0.316,67,0.023,0.818,0.273,0.091,0,0.091,0.091,0.273,0.364,0.2,0.1,0.1,0.2,0.1,-0.0544,0.1544,-0.352331606
22018,202329, Al-Farouq Aminu,1610612757, POR, Portland Trail Blazers, Handoff, Offensive,0.316,81,0.015,0.818,0.222,0.182,0,0.182,0,0.364,0.278,0.1,0.1,0.1,0.1,0.1,-0.1444,0.1444,-1
22018,203999, Nikola Jokic,1610612743, DEN, Denver Nuggets, Handoff, Offensive,0.238,80,0.007,0.75,0.3,0.083,0.083,0.083,0,0.333,0.4,0.2,0.1,0.1,0.1,0.1,-0.12,0.12,-1
22018,1626153, Delon Wright,1610612761, TOR, Toronto Raptors, Handoff, Offensive,0.238,49,0.034,0.75,0.333,0.083,0,0.083,0.083,0.333,0.333,0.2,0.2,0.2,0.2,0.2,-0.2668,0.2668,-1
22018,203526, Raul Neto,1610612762, UTA, Utah Jazz, Handoff, Offensive,0.189,37,0.062,0.692,0.571,0.077,0.462,0.077,0.077,0.308,0.571,0.4,0.2,0.1,0.2,0.1,0.0284,0.0716,0.396648045
22018,1626166, Cameron Payne,1610612741, CHI, Chicago Bulls, Handoff, Offensive,0.081,31,0.076,0.563,0.267,0,0.063,0,0,0.25,0.3,0.5,0.3,0.4,0.5,0.4,-0.5,0.6,-0.833333333
22018,2594, Kyle Korver,1610612739, CLE, Cleveland Cavaliers, Handoff, Offensive,0.081,16,0.163,0.563,0.143,0.063,0.063,0.063,0,0.188,0.214,1,0.6,0.8,0.9,0.8,-1.2148,1.3148,-0.923942805
22018,1626184, Chasson Randle,1610612764, WAS, Washington Wizards, Handoff, Offensive,0.063,49,0.059,0.529,0.231,0.059,0.176,0.059,0,0.235,0.269,0.3,0.2,0.2,0.3,0.2,-0.2386,0.3386,-0.704666273
22018,2734, Devin Harris,1610612742, DAL, Dallas Mavericks, Handoff, Offensive,0.045,68,0.041,0.474,0.231,0,0.316,0,0,0.158,0.346,0.3,0.1,0.1,0.2,0.1,-0.0616,0.1616,-0.381188119
22018,101181, Jose Calderon,1610612765, DET, Detroit Pistons, Handoff, Offensive,0.028,49,0.124,0.45,0.235,0,0.15,0,0,0.2,0.265,0.4,0.2,0.3,0.3,0.3,-0.441,0.441,-1
22018,200794, Paul Millsap,1610612743, DEN, Denver Nuggets, Handoff, Offensive,0.211,70,0.013,0.727,0.25,0.091,0.182,0.091,0,0.273,0.375,0.2,0.1,0.1,0.1,0.1,-0.125,0.125,-1
22018,201567, Kevin Love,1610612739, CLE, Cleveland Cavaliers, Handoff, Offensive,0.094,23,0.038,0.571,0.182,0.071,0.143,0.071,0,0.214,0.273,0.6,0.3,0.4,0.5,0.4,-0.527,0.627,-0.840510367
22018,1628415, Dillon Brooks,1610612763, MEM, Memphis Grizzlies, Handoff, Offensive,0.14,18,0.071,0.636,0.2,0.091,0,0.091,0,0.273,0.25,0.6,0.4,0.4,0.6,0.4,-0.5,0.7,-0.714285714
22018,1627732, Ben Simmons,1610612755, PHI, Philadelphia 76ers, Handoff, Offensive,0.105,79,0.008,0.583,0.3,0.083,0.083,0,0,0.333,0.3,0.2,0.1,0.1,0.1,0.1,-0.14,0.14,-1
22018,202066, Garrett Temple,1610612746, LAC, LA Clippers, Handoff, Offensive,0.066,26,0.097,0.538,0.25,0,0.077,0,0,0.231,0.292,0.5,0.3,0.3,0.5,0.3,-0.308,0.508,-0.606299213
22018,202697, Iman Shumpert,1610612758, SAC, Sacramento Kings, Handoff, Offensive,0.021,42,0.047,0.368,0.176,0,0.105,0,0,0.158,0.206,0.5,0.2,0.3,0.4,0.3,-0.4352,0.5352,-0.813153961
22018,203922, Glenn Robinson III,1610612765, DET, Detroit Pistons, Handoff, Offensive,0.017,47,0.093,0.35,0.158,0,0.05,0,0,0.15,0.184,0.4,0.1,0.3,0.4,0.3,-0.4528,0.5528,-0.81910275
22018,1627820, Tyrone Wallace,1610612746, LAC, LA Clippers, Handoff, Offensive,0.049,62,0.043,0.5,0.273,0,0.083,0,0,0.25,0.273,0.2,0.1,0.1,0.2,0.1,-0.0908,0.1908,-0.475890985
22018,204020, Tyler Johnson,1610612756, PHX, Phoenix Suns, Handoff, Offensive,0.049,13,0.076,0.5,0.182,0.083,0,0.083,0,0.25,0.182,0.9,0.5,0.7,0.8,0.7,-1.1088,1.2088,-0.917273329
22018,1628975, Jevon Carter,1610612763, MEM, Memphis Grizzlies, Handoff, Offensive,0.049,39,0.043,0.5,0.222,0,0.1,0,0,0.2,0.278,0.3,0.1,0.2,0.2,0.2,-0.2888,0.2888,-1
22018,1629066, Rodions Kurucs,1610612751, BKN, Brooklyn Nets, Handoff, Offensive,0.014,63,0.027,0.333,0.2,0,0.333,0,0,0.133,0.25,0.2,0.1,0.1,0.2,0.1,-0.1,0.2,-0.5
22018,203957, Dante Exum,1610612762, UTA, Utah Jazz, Handoff, Offensive,0.007,42,0.051,0.294,0.143,0,0.176,0,0,0.118,0.179,0.4,0.1,0.3,0.3,0.3,-0.4926,0.4926,-1
22018,1628984, Devonte' Graham,1610612766, CHA, Charlotte Hornets, Handoff, Offensive,0.01,46,0.038,0.3,0.125,0,0.2,0,0,0.1,0.188,0.2,0.1,0.2,0.2,0.2,-0.3248,0.3248,-1
22018,1628035, Alfonzo McKinnie,1610612744, GSW, Golden State Warriors, Handoff, Offensive,0.003,72,0.031,0.2,0.111,0,0.1,0,0,0.1,0.111,0.1,0,0.1,0.1,0.1,-0.1778,0.1778,-1
22018,1628978, Donte DiVincenzo,1610612749, MIL, Milwaukee Bucks, Handoff, Offensive,0,27,0.068,0,0,0,0.3,0,0,0,0,0.4,0,0.3,0.3,0.3,-0.6,0.6,-1